{
  "overall": {
    "precision": 0.998684516831351,
    "recall": 0.9986833333333334,
    "f1": 0.9986832272223732,
    "num_samples": 60000.0
  },
  "class": {
    "0": {
      "precision": 0.999662276258021,
      "recall": 0.9994934999155833,
      "f1": 0.9995778809624314,
      "num_samples": 5923.0
    },
    "1": {
      "precision": 0.9974848350347685,
      "recall": 1.0,
      "f1": 0.9987408340122954,
      "num_samples": 6742.0
    },
    "2": {
      "precision": 0.9996634129922585,
      "recall": 0.9969788519637462,
      "f1": 0.9983193277310923,
      "num_samples": 5958.0
    },
    "3": {
      "precision": 0.9996736292428199,
      "recall": 0.9991844723536127,
      "f1": 0.9994289909454278,
      "num_samples": 6131.0
    },
    "4": {
      "precision": 0.9976064284493076,
      "recall": 0.9988017802122561,
      "f1": 0.9982037464716448,
      "num_samples": 5842.0
    },
    "5": {
      "precision": 0.9998152254249815,
      "recall": 0.998155321896329,
      "f1": 0.9989845841410504,
      "num_samples": 5421.0
    },
    "6": {
      "precision": 0.9988171679621494,
      "recall": 0.9988171679621494,
      "f1": 0.9988171679621494,
      "num_samples": 5918.0
    },
    "7": {
      "precision": 0.9976084183673469,
      "recall": 0.9987230646448524,
      "f1": 0.9981654303262344,
      "num_samples": 6265.0
    },
    "8": {
      "precision": 0.9981235073353805,
      "recall": 1.0,
      "f1": 0.9990608725347905,
      "num_samples": 5851.0
    },
    "9": {
      "precision": 0.9986522911051213,
      "recall": 0.9964699949571356,
      "f1": 0.997559949516197,
      "num_samples": 5949.0
    }
  }
}